{
    "key": "group_5eb01b861b52a",
    "title": "Assign mega menu",
    "fields": [
        {
            "key": "field_5eb01b9b67675",
            "label": "Has mega menu?",
            "name": "has_mega_menu",
            "type": "post_object",
            "instructions": "",
            "required": 0,
            "conditional_logic": 0,
            "wrapper": {
                "width": "",
                "class": "",
                "id": ""
            },
            "post_type": [
                "mega-menu"
            ],
            "taxonomy": "",
            "allow_null": 1,
            "multiple": 0,
            "return_format": "id",
            "ui": 1
        }
    ],
    "location": [
        [
            {
                "param": "nav_menu_item",
                "operator": "==",
                "value": "location\/primary_navigation"
            }
        ]
    ],
    "menu_order": 0,
    "position": "normal",
    "style": "default",
    "label_placement": "top",
    "instruction_placement": "label",
    "hide_on_screen": "",
    "active": 1,
    "description": "",
    "modified": 1588599941
}